DateKey,Date,Year,Quarter,Month,MonthName,Day,DOW,WeekdayName,IsWeekend,IsHoliday
20240701,2024-07-01,2024,Q3,7,Jul,1,0,Mon,False,False
20240702,2024-07-02,2024,Q3,7,Jul,2,1,Tue,False,False
20240703,2024-07-03,2024,Q3,7,Jul,3,2,Wed,False,False
20240704,2024-07-04,2024,Q3,7,Jul,4,3,Thu,False,False
20240705,2024-07-05,2024,Q3,7,Jul,5,4,Fri,True,False
20240706,2024-07-06,2024,Q3,7,Jul,6,5,Sat,True,False
20240707,2024-07-07,2024,Q3,7,Jul,7,6,Sun,True,False
20240708,2024-07-08,2024,Q3,7,Jul,8,0,Mon,False,False
20240709,2024-07-09,2024,Q3,7,Jul,9,1,Tue,False,False
20240710,2024-07-10,2024,Q3,7,Jul,10,2,Wed,False,False
20240711,2024-07-11,2024,Q3,7,Jul,11,3,Thu,False,False
20240712,2024-07-12,2024,Q3,7,Jul,12,4,Fri,True,False
20240713,2024-07-13,2024,Q3,7,Jul,13,5,Sat,True,False
20240714,2024-07-14,2024,Q3,7,Jul,14,6,Sun,True,False
20240715,2024-07-15,2024,Q3,7,Jul,15,0,Mon,False,False
20240716,2024-07-16,2024,Q3,7,Jul,16,1,Tue,False,False
20240717,2024-07-17,2024,Q3,7,Jul,17,2,Wed,False,False
20240718,2024-07-18,2024,Q3,7,Jul,18,3,Thu,False,False
20240719,2024-07-19,2024,Q3,7,Jul,19,4,Fri,True,False
20240720,2024-07-20,2024,Q3,7,Jul,20,5,Sat,True,False
20240721,2024-07-21,2024,Q3,7,Jul,21,6,Sun,True,False
20240722,2024-07-22,2024,Q3,7,Jul,22,0,Mon,False,False
20240723,2024-07-23,2024,Q3,7,Jul,23,1,Tue,False,False
20240724,2024-07-24,2024,Q3,7,Jul,24,2,Wed,False,False
20240725,2024-07-25,2024,Q3,7,Jul,25,3,Thu,False,False
20240726,2024-07-26,2024,Q3,7,Jul,26,4,Fri,True,False
20240727,2024-07-27,2024,Q3,7,Jul,27,5,Sat,True,False
20240728,2024-07-28,2024,Q3,7,Jul,28,6,Sun,True,False
20240729,2024-07-29,2024,Q3,7,Jul,29,0,Mon,False,False
20240730,2024-07-30,2024,Q3,7,Jul,30,1,Tue,False,False
20240731,2024-07-31,2024,Q3,7,Jul,31,2,Wed,False,False
20240801,2024-08-01,2024,Q3,8,Aug,1,3,Thu,False,False
20240802,2024-08-02,2024,Q3,8,Aug,2,4,Fri,True,False
20240803,2024-08-03,2024,Q3,8,Aug,3,5,Sat,True,False
20240804,2024-08-04,2024,Q3,8,Aug,4,6,Sun,True,False
20240805,2024-08-05,2024,Q3,8,Aug,5,0,Mon,False,False
20240806,2024-08-06,2024,Q3,8,Aug,6,1,Tue,False,False
20240807,2024-08-07,2024,Q3,8,Aug,7,2,Wed,False,False
20240808,2024-08-08,2024,Q3,8,Aug,8,3,Thu,False,False
20240809,2024-08-09,2024,Q3,8,Aug,9,4,Fri,True,False
20240810,2024-08-10,2024,Q3,8,Aug,10,5,Sat,True,False
20240811,2024-08-11,2024,Q3,8,Aug,11,6,Sun,True,False
20240812,2024-08-12,2024,Q3,8,Aug,12,0,Mon,False,False
20240813,2024-08-13,2024,Q3,8,Aug,13,1,Tue,False,False
20240814,2024-08-14,2024,Q3,8,Aug,14,2,Wed,False,False
20240815,2024-08-15,2024,Q3,8,Aug,15,3,Thu,False,True
20240816,2024-08-16,2024,Q3,8,Aug,16,4,Fri,True,False
20240817,2024-08-17,2024,Q3,8,Aug,17,5,Sat,True,False
20240818,2024-08-18,2024,Q3,8,Aug,18,6,Sun,True,False
20240819,2024-08-19,2024,Q3,8,Aug,19,0,Mon,False,False
20240820,2024-08-20,2024,Q3,8,Aug,20,1,Tue,False,False
20240821,2024-08-21,2024,Q3,8,Aug,21,2,Wed,False,False
20240822,2024-08-22,2024,Q3,8,Aug,22,3,Thu,False,False
20240823,2024-08-23,2024,Q3,8,Aug,23,4,Fri,True,False
20240824,2024-08-24,2024,Q3,8,Aug,24,5,Sat,True,False
20240825,2024-08-25,2024,Q3,8,Aug,25,6,Sun,True,False
20240826,2024-08-26,2024,Q3,8,Aug,26,0,Mon,False,False
20240827,2024-08-27,2024,Q3,8,Aug,27,1,Tue,False,False
20240828,2024-08-28,2024,Q3,8,Aug,28,2,Wed,False,False
20240829,2024-08-29,2024,Q3,8,Aug,29,3,Thu,False,False
20240830,2024-08-30,2024,Q3,8,Aug,30,4,Fri,True,False
20240831,2024-08-31,2024,Q3,8,Aug,31,5,Sat,True,False
20240901,2024-09-01,2024,Q3,9,Sep,1,6,Sun,True,False
20240902,2024-09-02,2024,Q3,9,Sep,2,0,Mon,False,False
20240903,2024-09-03,2024,Q3,9,Sep,3,1,Tue,False,False
20240904,2024-09-04,2024,Q3,9,Sep,4,2,Wed,False,False
20240905,2024-09-05,2024,Q3,9,Sep,5,3,Thu,False,False
20240906,2024-09-06,2024,Q3,9,Sep,6,4,Fri,True,False
20240907,2024-09-07,2024,Q3,9,Sep,7,5,Sat,True,False
20240908,2024-09-08,2024,Q3,9,Sep,8,6,Sun,True,False
20240909,2024-09-09,2024,Q3,9,Sep,9,0,Mon,False,False
20240910,2024-09-10,2024,Q3,9,Sep,10,1,Tue,False,False
20240911,2024-09-11,2024,Q3,9,Sep,11,2,Wed,False,False
20240912,2024-09-12,2024,Q3,9,Sep,12,3,Thu,False,False
20240913,2024-09-13,2024,Q3,9,Sep,13,4,Fri,True,False
20240914,2024-09-14,2024,Q3,9,Sep,14,5,Sat,True,False
20240915,2024-09-15,2024,Q3,9,Sep,15,6,Sun,True,False
20240916,2024-09-16,2024,Q3,9,Sep,16,0,Mon,False,False
20240917,2024-09-17,2024,Q3,9,Sep,17,1,Tue,False,False
20240918,2024-09-18,2024,Q3,9,Sep,18,2,Wed,False,False
20240919,2024-09-19,2024,Q3,9,Sep,19,3,Thu,False,False
20240920,2024-09-20,2024,Q3,9,Sep,20,4,Fri,True,False
20240921,2024-09-21,2024,Q3,9,Sep,21,5,Sat,True,False
20240922,2024-09-22,2024,Q3,9,Sep,22,6,Sun,True,False
20240923,2024-09-23,2024,Q3,9,Sep,23,0,Mon,False,False
20240924,2024-09-24,2024,Q3,9,Sep,24,1,Tue,False,False
20240925,2024-09-25,2024,Q3,9,Sep,25,2,Wed,False,False
20240926,2024-09-26,2024,Q3,9,Sep,26,3,Thu,False,False
20240927,2024-09-27,2024,Q3,9,Sep,27,4,Fri,True,False
20240928,2024-09-28,2024,Q3,9,Sep,28,5,Sat,True,False
20240929,2024-09-29,2024,Q3,9,Sep,29,6,Sun,True,False
20240930,2024-09-30,2024,Q3,9,Sep,30,0,Mon,False,False
20241001,2024-10-01,2024,Q4,10,Oct,1,1,Tue,False,False
20241002,2024-10-02,2024,Q4,10,Oct,2,2,Wed,False,False
20241003,2024-10-03,2024,Q4,10,Oct,3,3,Thu,False,False
20241004,2024-10-04,2024,Q4,10,Oct,4,4,Fri,True,False
20241005,2024-10-05,2024,Q4,10,Oct,5,5,Sat,True,False
20241006,2024-10-06,2024,Q4,10,Oct,6,6,Sun,True,False
20241007,2024-10-07,2024,Q4,10,Oct,7,0,Mon,False,False
20241008,2024-10-08,2024,Q4,10,Oct,8,1,Tue,False,False
20241009,2024-10-09,2024,Q4,10,Oct,9,2,Wed,False,False
20241010,2024-10-10,2024,Q4,10,Oct,10,3,Thu,False,False
20241011,2024-10-11,2024,Q4,10,Oct,11,4,Fri,True,False
20241012,2024-10-12,2024,Q4,10,Oct,12,5,Sat,True,True
20241013,2024-10-13,2024,Q4,10,Oct,13,6,Sun,True,False
20241014,2024-10-14,2024,Q4,10,Oct,14,0,Mon,False,False
20241015,2024-10-15,2024,Q4,10,Oct,15,1,Tue,False,False
20241016,2024-10-16,2024,Q4,10,Oct,16,2,Wed,False,False
20241017,2024-10-17,2024,Q4,10,Oct,17,3,Thu,False,False
20241018,2024-10-18,2024,Q4,10,Oct,18,4,Fri,True,False
20241019,2024-10-19,2024,Q4,10,Oct,19,5,Sat,True,False
20241020,2024-10-20,2024,Q4,10,Oct,20,6,Sun,True,False
20241021,2024-10-21,2024,Q4,10,Oct,21,0,Mon,False,False
20241022,2024-10-22,2024,Q4,10,Oct,22,1,Tue,False,False
20241023,2024-10-23,2024,Q4,10,Oct,23,2,Wed,False,False
20241024,2024-10-24,2024,Q4,10,Oct,24,3,Thu,False,False
20241025,2024-10-25,2024,Q4,10,Oct,25,4,Fri,True,False
20241026,2024-10-26,2024,Q4,10,Oct,26,5,Sat,True,False
20241027,2024-10-27,2024,Q4,10,Oct,27,6,Sun,True,False
20241028,2024-10-28,2024,Q4,10,Oct,28,0,Mon,False,False
20241029,2024-10-29,2024,Q4,10,Oct,29,1,Tue,False,False
20241030,2024-10-30,2024,Q4,10,Oct,30,2,Wed,False,False
20241031,2024-10-31,2024,Q4,10,Oct,31,3,Thu,False,False
20241101,2024-11-01,2024,Q4,11,Nov,1,4,Fri,True,False
20241102,2024-11-02,2024,Q4,11,Nov,2,5,Sat,True,False
20241103,2024-11-03,2024,Q4,11,Nov,3,6,Sun,True,False
20241104,2024-11-04,2024,Q4,11,Nov,4,0,Mon,False,False
20241105,2024-11-05,2024,Q4,11,Nov,5,1,Tue,False,False
20241106,2024-11-06,2024,Q4,11,Nov,6,2,Wed,False,False
20241107,2024-11-07,2024,Q4,11,Nov,7,3,Thu,False,False
20241108,2024-11-08,2024,Q4,11,Nov,8,4,Fri,True,False
20241109,2024-11-09,2024,Q4,11,Nov,9,5,Sat,True,False
20241110,2024-11-10,2024,Q4,11,Nov,10,6,Sun,True,False
20241111,2024-11-11,2024,Q4,11,Nov,11,0,Mon,False,False
20241112,2024-11-12,2024,Q4,11,Nov,12,1,Tue,False,False
20241113,2024-11-13,2024,Q4,11,Nov,13,2,Wed,False,False
20241114,2024-11-14,2024,Q4,11,Nov,14,3,Thu,False,False
20241115,2024-11-15,2024,Q4,11,Nov,15,4,Fri,True,False
20241116,2024-11-16,2024,Q4,11,Nov,16,5,Sat,True,False
20241117,2024-11-17,2024,Q4,11,Nov,17,6,Sun,True,False
20241118,2024-11-18,2024,Q4,11,Nov,18,0,Mon,False,False
20241119,2024-11-19,2024,Q4,11,Nov,19,1,Tue,False,False
20241120,2024-11-20,2024,Q4,11,Nov,20,2,Wed,False,False
20241121,2024-11-21,2024,Q4,11,Nov,21,3,Thu,False,False
20241122,2024-11-22,2024,Q4,11,Nov,22,4,Fri,True,False
20241123,2024-11-23,2024,Q4,11,Nov,23,5,Sat,True,False
20241124,2024-11-24,2024,Q4,11,Nov,24,6,Sun,True,False
20241125,2024-11-25,2024,Q4,11,Nov,25,0,Mon,False,False
20241126,2024-11-26,2024,Q4,11,Nov,26,1,Tue,False,False
20241127,2024-11-27,2024,Q4,11,Nov,27,2,Wed,False,False
20241128,2024-11-28,2024,Q4,11,Nov,28,3,Thu,False,False
20241129,2024-11-29,2024,Q4,11,Nov,29,4,Fri,True,False
20241130,2024-11-30,2024,Q4,11,Nov,30,5,Sat,True,False
20241201,2024-12-01,2024,Q4,12,Dec,1,6,Sun,True,False
20241202,2024-12-02,2024,Q4,12,Dec,2,0,Mon,False,False
20241203,2024-12-03,2024,Q4,12,Dec,3,1,Tue,False,False
20241204,2024-12-04,2024,Q4,12,Dec,4,2,Wed,False,False
20241205,2024-12-05,2024,Q4,12,Dec,5,3,Thu,False,False
20241206,2024-12-06,2024,Q4,12,Dec,6,4,Fri,True,False
20241207,2024-12-07,2024,Q4,12,Dec,7,5,Sat,True,False
20241208,2024-12-08,2024,Q4,12,Dec,8,6,Sun,True,False
20241209,2024-12-09,2024,Q4,12,Dec,9,0,Mon,False,False
20241210,2024-12-10,2024,Q4,12,Dec,10,1,Tue,False,False
20241211,2024-12-11,2024,Q4,12,Dec,11,2,Wed,False,False
20241212,2024-12-12,2024,Q4,12,Dec,12,3,Thu,False,False
20241213,2024-12-13,2024,Q4,12,Dec,13,4,Fri,True,False
20241214,2024-12-14,2024,Q4,12,Dec,14,5,Sat,True,False
20241215,2024-12-15,2024,Q4,12,Dec,15,6,Sun,True,False
20241216,2024-12-16,2024,Q4,12,Dec,16,0,Mon,False,False
20241217,2024-12-17,2024,Q4,12,Dec,17,1,Tue,False,False
20241218,2024-12-18,2024,Q4,12,Dec,18,2,Wed,False,False
20241219,2024-12-19,2024,Q4,12,Dec,19,3,Thu,False,False
20241220,2024-12-20,2024,Q4,12,Dec,20,4,Fri,True,False
20241221,2024-12-21,2024,Q4,12,Dec,21,5,Sat,True,False
20241222,2024-12-22,2024,Q4,12,Dec,22,6,Sun,True,False
20241223,2024-12-23,2024,Q4,12,Dec,23,0,Mon,False,False
20241224,2024-12-24,2024,Q4,12,Dec,24,1,Tue,False,True
20241225,2024-12-25,2024,Q4,12,Dec,25,2,Wed,False,True
20241226,2024-12-26,2024,Q4,12,Dec,26,3,Thu,False,False
20241227,2024-12-27,2024,Q4,12,Dec,27,4,Fri,True,False
20241228,2024-12-28,2024,Q4,12,Dec,28,5,Sat,True,False
20241229,2024-12-29,2024,Q4,12,Dec,29,6,Sun,True,False
20241230,2024-12-30,2024,Q4,12,Dec,30,0,Mon,False,False
20241231,2024-12-31,2024,Q4,12,Dec,31,1,Tue,False,True
20250101,2025-01-01,2025,Q1,1,Jan,1,2,Wed,False,True
20250102,2025-01-02,2025,Q1,1,Jan,2,3,Thu,False,False
20250103,2025-01-03,2025,Q1,1,Jan,3,4,Fri,True,False
20250104,2025-01-04,2025,Q1,1,Jan,4,5,Sat,True,False
20250105,2025-01-05,2025,Q1,1,Jan,5,6,Sun,True,False
20250106,2025-01-06,2025,Q1,1,Jan,6,0,Mon,False,True
20250107,2025-01-07,2025,Q1,1,Jan,7,1,Tue,False,False
20250108,2025-01-08,2025,Q1,1,Jan,8,2,Wed,False,False
20250109,2025-01-09,2025,Q1,1,Jan,9,3,Thu,False,False
20250110,2025-01-10,2025,Q1,1,Jan,10,4,Fri,True,False
20250111,2025-01-11,2025,Q1,1,Jan,11,5,Sat,True,False
20250112,2025-01-12,2025,Q1,1,Jan,12,6,Sun,True,False
20250113,2025-01-13,2025,Q1,1,Jan,13,0,Mon,False,False
20250114,2025-01-14,2025,Q1,1,Jan,14,1,Tue,False,False
20250115,2025-01-15,2025,Q1,1,Jan,15,2,Wed,False,False
20250116,2025-01-16,2025,Q1,1,Jan,16,3,Thu,False,False
20250117,2025-01-17,2025,Q1,1,Jan,17,4,Fri,True,False
20250118,2025-01-18,2025,Q1,1,Jan,18,5,Sat,True,False
20250119,2025-01-19,2025,Q1,1,Jan,19,6,Sun,True,False
20250120,2025-01-20,2025,Q1,1,Jan,20,0,Mon,False,False
20250121,2025-01-21,2025,Q1,1,Jan,21,1,Tue,False,False
20250122,2025-01-22,2025,Q1,1,Jan,22,2,Wed,False,False
20250123,2025-01-23,2025,Q1,1,Jan,23,3,Thu,False,False
20250124,2025-01-24,2025,Q1,1,Jan,24,4,Fri,True,False
20250125,2025-01-25,2025,Q1,1,Jan,25,5,Sat,True,False
20250126,2025-01-26,2025,Q1,1,Jan,26,6,Sun,True,False
20250127,2025-01-27,2025,Q1,1,Jan,27,0,Mon,False,False
20250128,2025-01-28,2025,Q1,1,Jan,28,1,Tue,False,False
20250129,2025-01-29,2025,Q1,1,Jan,29,2,Wed,False,False
20250130,2025-01-30,2025,Q1,1,Jan,30,3,Thu,False,False
20250131,2025-01-31,2025,Q1,1,Jan,31,4,Fri,True,False
20250201,2025-02-01,2025,Q1,2,Feb,1,5,Sat,True,False
20250202,2025-02-02,2025,Q1,2,Feb,2,6,Sun,True,False
20250203,2025-02-03,2025,Q1,2,Feb,3,0,Mon,False,False
20250204,2025-02-04,2025,Q1,2,Feb,4,1,Tue,False,False
20250205,2025-02-05,2025,Q1,2,Feb,5,2,Wed,False,False
20250206,2025-02-06,2025,Q1,2,Feb,6,3,Thu,False,False
20250207,2025-02-07,2025,Q1,2,Feb,7,4,Fri,True,False
20250208,2025-02-08,2025,Q1,2,Feb,8,5,Sat,True,False
20250209,2025-02-09,2025,Q1,2,Feb,9,6,Sun,True,False
20250210,2025-02-10,2025,Q1,2,Feb,10,0,Mon,False,False
20250211,2025-02-11,2025,Q1,2,Feb,11,1,Tue,False,False
20250212,2025-02-12,2025,Q1,2,Feb,12,2,Wed,False,False
20250213,2025-02-13,2025,Q1,2,Feb,13,3,Thu,False,False
20250214,2025-02-14,2025,Q1,2,Feb,14,4,Fri,True,False
20250215,2025-02-15,2025,Q1,2,Feb,15,5,Sat,True,False
20250216,2025-02-16,2025,Q1,2,Feb,16,6,Sun,True,False
20250217,2025-02-17,2025,Q1,2,Feb,17,0,Mon,False,False
20250218,2025-02-18,2025,Q1,2,Feb,18,1,Tue,False,False
20250219,2025-02-19,2025,Q1,2,Feb,19,2,Wed,False,False
20250220,2025-02-20,2025,Q1,2,Feb,20,3,Thu,False,False
20250221,2025-02-21,2025,Q1,2,Feb,21,4,Fri,True,False
20250222,2025-02-22,2025,Q1,2,Feb,22,5,Sat,True,False
20250223,2025-02-23,2025,Q1,2,Feb,23,6,Sun,True,False
20250224,2025-02-24,2025,Q1,2,Feb,24,0,Mon,False,False
20250225,2025-02-25,2025,Q1,2,Feb,25,1,Tue,False,False
20250226,2025-02-26,2025,Q1,2,Feb,26,2,Wed,False,False
20250227,2025-02-27,2025,Q1,2,Feb,27,3,Thu,False,False
20250228,2025-02-28,2025,Q1,2,Feb,28,4,Fri,True,False
20250301,2025-03-01,2025,Q1,3,Mar,1,5,Sat,True,False
20250302,2025-03-02,2025,Q1,3,Mar,2,6,Sun,True,False
20250303,2025-03-03,2025,Q1,3,Mar,3,0,Mon,False,False
20250304,2025-03-04,2025,Q1,3,Mar,4,1,Tue,False,False
20250305,2025-03-05,2025,Q1,3,Mar,5,2,Wed,False,False
20250306,2025-03-06,2025,Q1,3,Mar,6,3,Thu,False,False
20250307,2025-03-07,2025,Q1,3,Mar,7,4,Fri,True,False
20250308,2025-03-08,2025,Q1,3,Mar,8,5,Sat,True,False
20250309,2025-03-09,2025,Q1,3,Mar,9,6,Sun,True,False
20250310,2025-03-10,2025,Q1,3,Mar,10,0,Mon,False,False
20250311,2025-03-11,2025,Q1,3,Mar,11,1,Tue,False,False
20250312,2025-03-12,2025,Q1,3,Mar,12,2,Wed,False,False
20250313,2025-03-13,2025,Q1,3,Mar,13,3,Thu,False,False
20250314,2025-03-14,2025,Q1,3,Mar,14,4,Fri,True,False
20250315,2025-03-15,2025,Q1,3,Mar,15,5,Sat,True,False
20250316,2025-03-16,2025,Q1,3,Mar,16,6,Sun,True,False
20250317,2025-03-17,2025,Q1,3,Mar,17,0,Mon,False,False
20250318,2025-03-18,2025,Q1,3,Mar,18,1,Tue,False,False
20250319,2025-03-19,2025,Q1,3,Mar,19,2,Wed,False,False
20250320,2025-03-20,2025,Q1,3,Mar,20,3,Thu,False,False
20250321,2025-03-21,2025,Q1,3,Mar,21,4,Fri,True,False
20250322,2025-03-22,2025,Q1,3,Mar,22,5,Sat,True,False
20250323,2025-03-23,2025,Q1,3,Mar,23,6,Sun,True,False
20250324,2025-03-24,2025,Q1,3,Mar,24,0,Mon,False,False
20250325,2025-03-25,2025,Q1,3,Mar,25,1,Tue,False,False
20250326,2025-03-26,2025,Q1,3,Mar,26,2,Wed,False,False
20250327,2025-03-27,2025,Q1,3,Mar,27,3,Thu,False,False
20250328,2025-03-28,2025,Q1,3,Mar,28,4,Fri,True,False
20250329,2025-03-29,2025,Q1,3,Mar,29,5,Sat,True,False
20250330,2025-03-30,2025,Q1,3,Mar,30,6,Sun,True,False
20250331,2025-03-31,2025,Q1,3,Mar,31,0,Mon,False,False
20250401,2025-04-01,2025,Q2,4,Apr,1,1,Tue,False,False
20250402,2025-04-02,2025,Q2,4,Apr,2,2,Wed,False,False
20250403,2025-04-03,2025,Q2,4,Apr,3,3,Thu,False,False
20250404,2025-04-04,2025,Q2,4,Apr,4,4,Fri,True,False
20250405,2025-04-05,2025,Q2,4,Apr,5,5,Sat,True,False
20250406,2025-04-06,2025,Q2,4,Apr,6,6,Sun,True,False
20250407,2025-04-07,2025,Q2,4,Apr,7,0,Mon,False,False
20250408,2025-04-08,2025,Q2,4,Apr,8,1,Tue,False,False
20250409,2025-04-09,2025,Q2,4,Apr,9,2,Wed,False,False
20250410,2025-04-10,2025,Q2,4,Apr,10,3,Thu,False,False
20250411,2025-04-11,2025,Q2,4,Apr,11,4,Fri,True,False
20250412,2025-04-12,2025,Q2,4,Apr,12,5,Sat,True,False
20250413,2025-04-13,2025,Q2,4,Apr,13,6,Sun,True,False
20250414,2025-04-14,2025,Q2,4,Apr,14,0,Mon,False,False
20250415,2025-04-15,2025,Q2,4,Apr,15,1,Tue,False,False
20250416,2025-04-16,2025,Q2,4,Apr,16,2,Wed,False,False
20250417,2025-04-17,2025,Q2,4,Apr,17,3,Thu,False,False
20250418,2025-04-18,2025,Q2,4,Apr,18,4,Fri,True,False
20250419,2025-04-19,2025,Q2,4,Apr,19,5,Sat,True,False
20250420,2025-04-20,2025,Q2,4,Apr,20,6,Sun,True,False
20250421,2025-04-21,2025,Q2,4,Apr,21,0,Mon,False,False
20250422,2025-04-22,2025,Q2,4,Apr,22,1,Tue,False,False
20250423,2025-04-23,2025,Q2,4,Apr,23,2,Wed,False,False
20250424,2025-04-24,2025,Q2,4,Apr,24,3,Thu,False,False
20250425,2025-04-25,2025,Q2,4,Apr,25,4,Fri,True,False
20250426,2025-04-26,2025,Q2,4,Apr,26,5,Sat,True,False
20250427,2025-04-27,2025,Q2,4,Apr,27,6,Sun,True,False
20250428,2025-04-28,2025,Q2,4,Apr,28,0,Mon,False,False
20250429,2025-04-29,2025,Q2,4,Apr,29,1,Tue,False,False
20250430,2025-04-30,2025,Q2,4,Apr,30,2,Wed,False,False
20250501,2025-05-01,2025,Q2,5,May,1,3,Thu,False,True
20250502,2025-05-02,2025,Q2,5,May,2,4,Fri,True,False
20250503,2025-05-03,2025,Q2,5,May,3,5,Sat,True,False
20250504,2025-05-04,2025,Q2,5,May,4,6,Sun,True,False
20250505,2025-05-05,2025,Q2,5,May,5,0,Mon,False,False
20250506,2025-05-06,2025,Q2,5,May,6,1,Tue,False,False
20250507,2025-05-07,2025,Q2,5,May,7,2,Wed,False,False
20250508,2025-05-08,2025,Q2,5,May,8,3,Thu,False,False
20250509,2025-05-09,2025,Q2,5,May,9,4,Fri,True,False
20250510,2025-05-10,2025,Q2,5,May,10,5,Sat,True,False
20250511,2025-05-11,2025,Q2,5,May,11,6,Sun,True,False
20250512,2025-05-12,2025,Q2,5,May,12,0,Mon,False,False
20250513,2025-05-13,2025,Q2,5,May,13,1,Tue,False,False
20250514,2025-05-14,2025,Q2,5,May,14,2,Wed,False,False
20250515,2025-05-15,2025,Q2,5,May,15,3,Thu,False,False
20250516,2025-05-16,2025,Q2,5,May,16,4,Fri,True,False
20250517,2025-05-17,2025,Q2,5,May,17,5,Sat,True,False
20250518,2025-05-18,2025,Q2,5,May,18,6,Sun,True,False
20250519,2025-05-19,2025,Q2,5,May,19,0,Mon,False,False
20250520,2025-05-20,2025,Q2,5,May,20,1,Tue,False,False
20250521,2025-05-21,2025,Q2,5,May,21,2,Wed,False,False
20250522,2025-05-22,2025,Q2,5,May,22,3,Thu,False,False
20250523,2025-05-23,2025,Q2,5,May,23,4,Fri,True,False
20250524,2025-05-24,2025,Q2,5,May,24,5,Sat,True,False
20250525,2025-05-25,2025,Q2,5,May,25,6,Sun,True,False
20250526,2025-05-26,2025,Q2,5,May,26,0,Mon,False,False
20250527,2025-05-27,2025,Q2,5,May,27,1,Tue,False,False
20250528,2025-05-28,2025,Q2,5,May,28,2,Wed,False,False
20250529,2025-05-29,2025,Q2,5,May,29,3,Thu,False,False
20250530,2025-05-30,2025,Q2,5,May,30,4,Fri,True,False
20250531,2025-05-31,2025,Q2,5,May,31,5,Sat,True,False
20250601,2025-06-01,2025,Q2,6,Jun,1,6,Sun,True,False
20250602,2025-06-02,2025,Q2,6,Jun,2,0,Mon,False,False
20250603,2025-06-03,2025,Q2,6,Jun,3,1,Tue,False,False
20250604,2025-06-04,2025,Q2,6,Jun,4,2,Wed,False,False
20250605,2025-06-05,2025,Q2,6,Jun,5,3,Thu,False,False
20250606,2025-06-06,2025,Q2,6,Jun,6,4,Fri,True,False
20250607,2025-06-07,2025,Q2,6,Jun,7,5,Sat,True,False
20250608,2025-06-08,2025,Q2,6,Jun,8,6,Sun,True,False
20250609,2025-06-09,2025,Q2,6,Jun,9,0,Mon,False,False
20250610,2025-06-10,2025,Q2,6,Jun,10,1,Tue,False,False
20250611,2025-06-11,2025,Q2,6,Jun,11,2,Wed,False,False
20250612,2025-06-12,2025,Q2,6,Jun,12,3,Thu,False,False
20250613,2025-06-13,2025,Q2,6,Jun,13,4,Fri,True,False
20250614,2025-06-14,2025,Q2,6,Jun,14,5,Sat,True,False
20250615,2025-06-15,2025,Q2,6,Jun,15,6,Sun,True,False
20250616,2025-06-16,2025,Q2,6,Jun,16,0,Mon,False,False
20250617,2025-06-17,2025,Q2,6,Jun,17,1,Tue,False,False
20250618,2025-06-18,2025,Q2,6,Jun,18,2,Wed,False,False
20250619,2025-06-19,2025,Q2,6,Jun,19,3,Thu,False,False
20250620,2025-06-20,2025,Q2,6,Jun,20,4,Fri,True,False
20250621,2025-06-21,2025,Q2,6,Jun,21,5,Sat,True,False
20250622,2025-06-22,2025,Q2,6,Jun,22,6,Sun,True,False
20250623,2025-06-23,2025,Q2,6,Jun,23,0,Mon,False,False
20250624,2025-06-24,2025,Q2,6,Jun,24,1,Tue,False,False
20250625,2025-06-25,2025,Q2,6,Jun,25,2,Wed,False,False
20250626,2025-06-26,2025,Q2,6,Jun,26,3,Thu,False,False
20250627,2025-06-27,2025,Q2,6,Jun,27,4,Fri,True,False
20250628,2025-06-28,2025,Q2,6,Jun,28,5,Sat,True,False
20250629,2025-06-29,2025,Q2,6,Jun,29,6,Sun,True,False
20250630,2025-06-30,2025,Q2,6,Jun,30,0,Mon,False,False
20250701,2025-07-01,2025,Q3,7,Jul,1,1,Tue,False,False
20250702,2025-07-02,2025,Q3,7,Jul,2,2,Wed,False,False
20250703,2025-07-03,2025,Q3,7,Jul,3,3,Thu,False,False
20250704,2025-07-04,2025,Q3,7,Jul,4,4,Fri,True,False
20250705,2025-07-05,2025,Q3,7,Jul,5,5,Sat,True,False
20250706,2025-07-06,2025,Q3,7,Jul,6,6,Sun,True,False
20250707,2025-07-07,2025,Q3,7,Jul,7,0,Mon,False,False
20250708,2025-07-08,2025,Q3,7,Jul,8,1,Tue,False,False
20250709,2025-07-09,2025,Q3,7,Jul,9,2,Wed,False,False
20250710,2025-07-10,2025,Q3,7,Jul,10,3,Thu,False,False
20250711,2025-07-11,2025,Q3,7,Jul,11,4,Fri,True,False
20250712,2025-07-12,2025,Q3,7,Jul,12,5,Sat,True,False
20250713,2025-07-13,2025,Q3,7,Jul,13,6,Sun,True,False
20250714,2025-07-14,2025,Q3,7,Jul,14,0,Mon,False,False
20250715,2025-07-15,2025,Q3,7,Jul,15,1,Tue,False,False
20250716,2025-07-16,2025,Q3,7,Jul,16,2,Wed,False,False
20250717,2025-07-17,2025,Q3,7,Jul,17,3,Thu,False,False
20250718,2025-07-18,2025,Q3,7,Jul,18,4,Fri,True,False
20250719,2025-07-19,2025,Q3,7,Jul,19,5,Sat,True,False
20250720,2025-07-20,2025,Q3,7,Jul,20,6,Sun,True,False
20250721,2025-07-21,2025,Q3,7,Jul,21,0,Mon,False,False
20250722,2025-07-22,2025,Q3,7,Jul,22,1,Tue,False,False
20250723,2025-07-23,2025,Q3,7,Jul,23,2,Wed,False,False
20250724,2025-07-24,2025,Q3,7,Jul,24,3,Thu,False,False
20250725,2025-07-25,2025,Q3,7,Jul,25,4,Fri,True,False
20250726,2025-07-26,2025,Q3,7,Jul,26,5,Sat,True,False
20250727,2025-07-27,2025,Q3,7,Jul,27,6,Sun,True,False
20250728,2025-07-28,2025,Q3,7,Jul,28,0,Mon,False,False
20250729,2025-07-29,2025,Q3,7,Jul,29,1,Tue,False,False
20250730,2025-07-30,2025,Q3,7,Jul,30,2,Wed,False,False
20250731,2025-07-31,2025,Q3,7,Jul,31,3,Thu,False,False
20250801,2025-08-01,2025,Q3,8,Aug,1,4,Fri,True,False
20250802,2025-08-02,2025,Q3,8,Aug,2,5,Sat,True,False
20250803,2025-08-03,2025,Q3,8,Aug,3,6,Sun,True,False
20250804,2025-08-04,2025,Q3,8,Aug,4,0,Mon,False,False
20250805,2025-08-05,2025,Q3,8,Aug,5,1,Tue,False,False
20250806,2025-08-06,2025,Q3,8,Aug,6,2,Wed,False,False
20250807,2025-08-07,2025,Q3,8,Aug,7,3,Thu,False,False
20250808,2025-08-08,2025,Q3,8,Aug,8,4,Fri,True,False
20250809,2025-08-09,2025,Q3,8,Aug,9,5,Sat,True,False
20250810,2025-08-10,2025,Q3,8,Aug,10,6,Sun,True,False
20250811,2025-08-11,2025,Q3,8,Aug,11,0,Mon,False,False
20250812,2025-08-12,2025,Q3,8,Aug,12,1,Tue,False,False
20250813,2025-08-13,2025,Q3,8,Aug,13,2,Wed,False,False
20250814,2025-08-14,2025,Q3,8,Aug,14,3,Thu,False,False
20250815,2025-08-15,2025,Q3,8,Aug,15,4,Fri,True,True
20250816,2025-08-16,2025,Q3,8,Aug,16,5,Sat,True,False
20250817,2025-08-17,2025,Q3,8,Aug,17,6,Sun,True,False
20250818,2025-08-18,2025,Q3,8,Aug,18,0,Mon,False,False
20250819,2025-08-19,2025,Q3,8,Aug,19,1,Tue,False,False
20250820,2025-08-20,2025,Q3,8,Aug,20,2,Wed,False,False
20250821,2025-08-21,2025,Q3,8,Aug,21,3,Thu,False,False
20250822,2025-08-22,2025,Q3,8,Aug,22,4,Fri,True,False
20250823,2025-08-23,2025,Q3,8,Aug,23,5,Sat,True,False
20250824,2025-08-24,2025,Q3,8,Aug,24,6,Sun,True,False
20250825,2025-08-25,2025,Q3,8,Aug,25,0,Mon,False,False
20250826,2025-08-26,2025,Q3,8,Aug,26,1,Tue,False,False
20250827,2025-08-27,2025,Q3,8,Aug,27,2,Wed,False,False
20250828,2025-08-28,2025,Q3,8,Aug,28,3,Thu,False,False
20250829,2025-08-29,2025,Q3,8,Aug,29,4,Fri,True,False
20250830,2025-08-30,2025,Q3,8,Aug,30,5,Sat,True,False
20250831,2025-08-31,2025,Q3,8,Aug,31,6,Sun,True,False
20250901,2025-09-01,2025,Q3,9,Sep,1,0,Mon,False,False
20250902,2025-09-02,2025,Q3,9,Sep,2,1,Tue,False,False
20250903,2025-09-03,2025,Q3,9,Sep,3,2,Wed,False,False
20250904,2025-09-04,2025,Q3,9,Sep,4,3,Thu,False,False
20250905,2025-09-05,2025,Q3,9,Sep,5,4,Fri,True,False
20250906,2025-09-06,2025,Q3,9,Sep,6,5,Sat,True,False
20250907,2025-09-07,2025,Q3,9,Sep,7,6,Sun,True,False
20250908,2025-09-08,2025,Q3,9,Sep,8,0,Mon,False,False
20250909,2025-09-09,2025,Q3,9,Sep,9,1,Tue,False,False
20250910,2025-09-10,2025,Q3,9,Sep,10,2,Wed,False,False
20250911,2025-09-11,2025,Q3,9,Sep,11,3,Thu,False,False
20250912,2025-09-12,2025,Q3,9,Sep,12,4,Fri,True,False
20250913,2025-09-13,2025,Q3,9,Sep,13,5,Sat,True,False
20250914,2025-09-14,2025,Q3,9,Sep,14,6,Sun,True,False
20250915,2025-09-15,2025,Q3,9,Sep,15,0,Mon,False,False
20250916,2025-09-16,2025,Q3,9,Sep,16,1,Tue,False,False
20250917,2025-09-17,2025,Q3,9,Sep,17,2,Wed,False,False
20250918,2025-09-18,2025,Q3,9,Sep,18,3,Thu,False,False
20250919,2025-09-19,2025,Q3,9,Sep,19,4,Fri,True,False
20250920,2025-09-20,2025,Q3,9,Sep,20,5,Sat,True,False
20250921,2025-09-21,2025,Q3,9,Sep,21,6,Sun,True,False
20250922,2025-09-22,2025,Q3,9,Sep,22,0,Mon,False,False
20250923,2025-09-23,2025,Q3,9,Sep,23,1,Tue,False,False
20250924,2025-09-24,2025,Q3,9,Sep,24,2,Wed,False,False
20250925,2025-09-25,2025,Q3,9,Sep,25,3,Thu,False,False
20250926,2025-09-26,2025,Q3,9,Sep,26,4,Fri,True,False
20250927,2025-09-27,2025,Q3,9,Sep,27,5,Sat,True,False
20250928,2025-09-28,2025,Q3,9,Sep,28,6,Sun,True,False
20250929,2025-09-29,2025,Q3,9,Sep,29,0,Mon,False,False
20250930,2025-09-30,2025,Q3,9,Sep,30,1,Tue,False,False
20251001,2025-10-01,2025,Q4,10,Oct,1,2,Wed,False,False
20251002,2025-10-02,2025,Q4,10,Oct,2,3,Thu,False,False
20251003,2025-10-03,2025,Q4,10,Oct,3,4,Fri,True,False
20251004,2025-10-04,2025,Q4,10,Oct,4,5,Sat,True,False
20251005,2025-10-05,2025,Q4,10,Oct,5,6,Sun,True,False
20251006,2025-10-06,2025,Q4,10,Oct,6,0,Mon,False,False
20251007,2025-10-07,2025,Q4,10,Oct,7,1,Tue,False,False
20251008,2025-10-08,2025,Q4,10,Oct,8,2,Wed,False,False
20251009,2025-10-09,2025,Q4,10,Oct,9,3,Thu,False,False
20251010,2025-10-10,2025,Q4,10,Oct,10,4,Fri,True,False
20251011,2025-10-11,2025,Q4,10,Oct,11,5,Sat,True,False
20251012,2025-10-12,2025,Q4,10,Oct,12,6,Sun,True,True
20251013,2025-10-13,2025,Q4,10,Oct,13,0,Mon,False,False
20251014,2025-10-14,2025,Q4,10,Oct,14,1,Tue,False,False
20251015,2025-10-15,2025,Q4,10,Oct,15,2,Wed,False,False
20251016,2025-10-16,2025,Q4,10,Oct,16,3,Thu,False,False
20251017,2025-10-17,2025,Q4,10,Oct,17,4,Fri,True,False
20251018,2025-10-18,2025,Q4,10,Oct,18,5,Sat,True,False
20251019,2025-10-19,2025,Q4,10,Oct,19,6,Sun,True,False
20251020,2025-10-20,2025,Q4,10,Oct,20,0,Mon,False,False
20251021,2025-10-21,2025,Q4,10,Oct,21,1,Tue,False,False
20251022,2025-10-22,2025,Q4,10,Oct,22,2,Wed,False,False
20251023,2025-10-23,2025,Q4,10,Oct,23,3,Thu,False,False
20251024,2025-10-24,2025,Q4,10,Oct,24,4,Fri,True,False
20251025,2025-10-25,2025,Q4,10,Oct,25,5,Sat,True,False
20251026,2025-10-26,2025,Q4,10,Oct,26,6,Sun,True,False
20251027,2025-10-27,2025,Q4,10,Oct,27,0,Mon,False,False
20251028,2025-10-28,2025,Q4,10,Oct,28,1,Tue,False,False
20251029,2025-10-29,2025,Q4,10,Oct,29,2,Wed,False,False
20251030,2025-10-30,2025,Q4,10,Oct,30,3,Thu,False,False
20251031,2025-10-31,2025,Q4,10,Oct,31,4,Fri,True,False
20251101,2025-11-01,2025,Q4,11,Nov,1,5,Sat,True,False
20251102,2025-11-02,2025,Q4,11,Nov,2,6,Sun,True,False
20251103,2025-11-03,2025,Q4,11,Nov,3,0,Mon,False,False
20251104,2025-11-04,2025,Q4,11,Nov,4,1,Tue,False,False
20251105,2025-11-05,2025,Q4,11,Nov,5,2,Wed,False,False
20251106,2025-11-06,2025,Q4,11,Nov,6,3,Thu,False,False
20251107,2025-11-07,2025,Q4,11,Nov,7,4,Fri,True,False
20251108,2025-11-08,2025,Q4,11,Nov,8,5,Sat,True,False
20251109,2025-11-09,2025,Q4,11,Nov,9,6,Sun,True,False
20251110,2025-11-10,2025,Q4,11,Nov,10,0,Mon,False,False
20251111,2025-11-11,2025,Q4,11,Nov,11,1,Tue,False,False
20251112,2025-11-12,2025,Q4,11,Nov,12,2,Wed,False,False
20251113,2025-11-13,2025,Q4,11,Nov,13,3,Thu,False,False
20251114,2025-11-14,2025,Q4,11,Nov,14,4,Fri,True,False
20251115,2025-11-15,2025,Q4,11,Nov,15,5,Sat,True,False
20251116,2025-11-16,2025,Q4,11,Nov,16,6,Sun,True,False
20251117,2025-11-17,2025,Q4,11,Nov,17,0,Mon,False,False
20251118,2025-11-18,2025,Q4,11,Nov,18,1,Tue,False,False
20251119,2025-11-19,2025,Q4,11,Nov,19,2,Wed,False,False
20251120,2025-11-20,2025,Q4,11,Nov,20,3,Thu,False,False
20251121,2025-11-21,2025,Q4,11,Nov,21,4,Fri,True,False
20251122,2025-11-22,2025,Q4,11,Nov,22,5,Sat,True,False
20251123,2025-11-23,2025,Q4,11,Nov,23,6,Sun,True,False
20251124,2025-11-24,2025,Q4,11,Nov,24,0,Mon,False,False
20251125,2025-11-25,2025,Q4,11,Nov,25,1,Tue,False,False
20251126,2025-11-26,2025,Q4,11,Nov,26,2,Wed,False,False
20251127,2025-11-27,2025,Q4,11,Nov,27,3,Thu,False,False
20251128,2025-11-28,2025,Q4,11,Nov,28,4,Fri,True,False
20251129,2025-11-29,2025,Q4,11,Nov,29,5,Sat,True,False
20251130,2025-11-30,2025,Q4,11,Nov,30,6,Sun,True,False
20251201,2025-12-01,2025,Q4,12,Dec,1,0,Mon,False,False
20251202,2025-12-02,2025,Q4,12,Dec,2,1,Tue,False,False
20251203,2025-12-03,2025,Q4,12,Dec,3,2,Wed,False,False
20251204,2025-12-04,2025,Q4,12,Dec,4,3,Thu,False,False
20251205,2025-12-05,2025,Q4,12,Dec,5,4,Fri,True,False
20251206,2025-12-06,2025,Q4,12,Dec,6,5,Sat,True,False
20251207,2025-12-07,2025,Q4,12,Dec,7,6,Sun,True,False
20251208,2025-12-08,2025,Q4,12,Dec,8,0,Mon,False,False
20251209,2025-12-09,2025,Q4,12,Dec,9,1,Tue,False,False
20251210,2025-12-10,2025,Q4,12,Dec,10,2,Wed,False,False
20251211,2025-12-11,2025,Q4,12,Dec,11,3,Thu,False,False
20251212,2025-12-12,2025,Q4,12,Dec,12,4,Fri,True,False
20251213,2025-12-13,2025,Q4,12,Dec,13,5,Sat,True,False
20251214,2025-12-14,2025,Q4,12,Dec,14,6,Sun,True,False
20251215,2025-12-15,2025,Q4,12,Dec,15,0,Mon,False,False
20251216,2025-12-16,2025,Q4,12,Dec,16,1,Tue,False,False
20251217,2025-12-17,2025,Q4,12,Dec,17,2,Wed,False,False
20251218,2025-12-18,2025,Q4,12,Dec,18,3,Thu,False,False
20251219,2025-12-19,2025,Q4,12,Dec,19,4,Fri,True,False
20251220,2025-12-20,2025,Q4,12,Dec,20,5,Sat,True,False
20251221,2025-12-21,2025,Q4,12,Dec,21,6,Sun,True,False
20251222,2025-12-22,2025,Q4,12,Dec,22,0,Mon,False,False
20251223,2025-12-23,2025,Q4,12,Dec,23,1,Tue,False,False
20251224,2025-12-24,2025,Q4,12,Dec,24,2,Wed,False,True
20251225,2025-12-25,2025,Q4,12,Dec,25,3,Thu,False,True
20251226,2025-12-26,2025,Q4,12,Dec,26,4,Fri,True,False
20251227,2025-12-27,2025,Q4,12,Dec,27,5,Sat,True,False
20251228,2025-12-28,2025,Q4,12,Dec,28,6,Sun,True,False
20251229,2025-12-29,2025,Q4,12,Dec,29,0,Mon,False,False
20251230,2025-12-30,2025,Q4,12,Dec,30,1,Tue,False,False
20251231,2025-12-31,2025,Q4,12,Dec,31,2,Wed,False,True
20260101,2026-01-01,2026,Q1,1,Jan,1,3,Thu,False,True
20260102,2026-01-02,2026,Q1,1,Jan,2,4,Fri,True,False
20260103,2026-01-03,2026,Q1,1,Jan,3,5,Sat,True,False
20260104,2026-01-04,2026,Q1,1,Jan,4,6,Sun,True,False
20260105,2026-01-05,2026,Q1,1,Jan,5,0,Mon,False,False
20260106,2026-01-06,2026,Q1,1,Jan,6,1,Tue,False,True
20260107,2026-01-07,2026,Q1,1,Jan,7,2,Wed,False,False
20260108,2026-01-08,2026,Q1,1,Jan,8,3,Thu,False,False
20260109,2026-01-09,2026,Q1,1,Jan,9,4,Fri,True,False
20260110,2026-01-10,2026,Q1,1,Jan,10,5,Sat,True,False
20260111,2026-01-11,2026,Q1,1,Jan,11,6,Sun,True,False
20260112,2026-01-12,2026,Q1,1,Jan,12,0,Mon,False,False
20260113,2026-01-13,2026,Q1,1,Jan,13,1,Tue,False,False
20260114,2026-01-14,2026,Q1,1,Jan,14,2,Wed,False,False
20260115,2026-01-15,2026,Q1,1,Jan,15,3,Thu,False,False
20260116,2026-01-16,2026,Q1,1,Jan,16,4,Fri,True,False
20260117,2026-01-17,2026,Q1,1,Jan,17,5,Sat,True,False
20260118,2026-01-18,2026,Q1,1,Jan,18,6,Sun,True,False
20260119,2026-01-19,2026,Q1,1,Jan,19,0,Mon,False,False
20260120,2026-01-20,2026,Q1,1,Jan,20,1,Tue,False,False
20260121,2026-01-21,2026,Q1,1,Jan,21,2,Wed,False,False
20260122,2026-01-22,2026,Q1,1,Jan,22,3,Thu,False,False
20260123,2026-01-23,2026,Q1,1,Jan,23,4,Fri,True,False
20260124,2026-01-24,2026,Q1,1,Jan,24,5,Sat,True,False
20260125,2026-01-25,2026,Q1,1,Jan,25,6,Sun,True,False
20260126,2026-01-26,2026,Q1,1,Jan,26,0,Mon,False,False
20260127,2026-01-27,2026,Q1,1,Jan,27,1,Tue,False,False
20260128,2026-01-28,2026,Q1,1,Jan,28,2,Wed,False,False
20260129,2026-01-29,2026,Q1,1,Jan,29,3,Thu,False,False
20260130,2026-01-30,2026,Q1,1,Jan,30,4,Fri,True,False
20260131,2026-01-31,2026,Q1,1,Jan,31,5,Sat,True,False
20260201,2026-02-01,2026,Q1,2,Feb,1,6,Sun,True,False
20260202,2026-02-02,2026,Q1,2,Feb,2,0,Mon,False,False
20260203,2026-02-03,2026,Q1,2,Feb,3,1,Tue,False,False
20260204,2026-02-04,2026,Q1,2,Feb,4,2,Wed,False,False
20260205,2026-02-05,2026,Q1,2,Feb,5,3,Thu,False,False
20260206,2026-02-06,2026,Q1,2,Feb,6,4,Fri,True,False
20260207,2026-02-07,2026,Q1,2,Feb,7,5,Sat,True,False
20260208,2026-02-08,2026,Q1,2,Feb,8,6,Sun,True,False
20260209,2026-02-09,2026,Q1,2,Feb,9,0,Mon,False,False
20260210,2026-02-10,2026,Q1,2,Feb,10,1,Tue,False,False
20260211,2026-02-11,2026,Q1,2,Feb,11,2,Wed,False,False
20260212,2026-02-12,2026,Q1,2,Feb,12,3,Thu,False,False
20260213,2026-02-13,2026,Q1,2,Feb,13,4,Fri,True,False
20260214,2026-02-14,2026,Q1,2,Feb,14,5,Sat,True,False
20260215,2026-02-15,2026,Q1,2,Feb,15,6,Sun,True,False
20260216,2026-02-16,2026,Q1,2,Feb,16,0,Mon,False,False
20260217,2026-02-17,2026,Q1,2,Feb,17,1,Tue,False,False
20260218,2026-02-18,2026,Q1,2,Feb,18,2,Wed,False,False
20260219,2026-02-19,2026,Q1,2,Feb,19,3,Thu,False,False
20260220,2026-02-20,2026,Q1,2,Feb,20,4,Fri,True,False
20260221,2026-02-21,2026,Q1,2,Feb,21,5,Sat,True,False
20260222,2026-02-22,2026,Q1,2,Feb,22,6,Sun,True,False
20260223,2026-02-23,2026,Q1,2,Feb,23,0,Mon,False,False
20260224,2026-02-24,2026,Q1,2,Feb,24,1,Tue,False,False
20260225,2026-02-25,2026,Q1,2,Feb,25,2,Wed,False,False
20260226,2026-02-26,2026,Q1,2,Feb,26,3,Thu,False,False
20260227,2026-02-27,2026,Q1,2,Feb,27,4,Fri,True,False
20260228,2026-02-28,2026,Q1,2,Feb,28,5,Sat,True,False
20260301,2026-03-01,2026,Q1,3,Mar,1,6,Sun,True,False
20260302,2026-03-02,2026,Q1,3,Mar,2,0,Mon,False,False
20260303,2026-03-03,2026,Q1,3,Mar,3,1,Tue,False,False
20260304,2026-03-04,2026,Q1,3,Mar,4,2,Wed,False,False
20260305,2026-03-05,2026,Q1,3,Mar,5,3,Thu,False,False
20260306,2026-03-06,2026,Q1,3,Mar,6,4,Fri,True,False
20260307,2026-03-07,2026,Q1,3,Mar,7,5,Sat,True,False
20260308,2026-03-08,2026,Q1,3,Mar,8,6,Sun,True,False
20260309,2026-03-09,2026,Q1,3,Mar,9,0,Mon,False,False
20260310,2026-03-10,2026,Q1,3,Mar,10,1,Tue,False,False
20260311,2026-03-11,2026,Q1,3,Mar,11,2,Wed,False,False
20260312,2026-03-12,2026,Q1,3,Mar,12,3,Thu,False,False
20260313,2026-03-13,2026,Q1,3,Mar,13,4,Fri,True,False
20260314,2026-03-14,2026,Q1,3,Mar,14,5,Sat,True,False
20260315,2026-03-15,2026,Q1,3,Mar,15,6,Sun,True,False
20260316,2026-03-16,2026,Q1,3,Mar,16,0,Mon,False,False
20260317,2026-03-17,2026,Q1,3,Mar,17,1,Tue,False,False
20260318,2026-03-18,2026,Q1,3,Mar,18,2,Wed,False,False
20260319,2026-03-19,2026,Q1,3,Mar,19,3,Thu,False,False
20260320,2026-03-20,2026,Q1,3,Mar,20,4,Fri,True,False
20260321,2026-03-21,2026,Q1,3,Mar,21,5,Sat,True,False
20260322,2026-03-22,2026,Q1,3,Mar,22,6,Sun,True,False
20260323,2026-03-23,2026,Q1,3,Mar,23,0,Mon,False,False
20260324,2026-03-24,2026,Q1,3,Mar,24,1,Tue,False,False
20260325,2026-03-25,2026,Q1,3,Mar,25,2,Wed,False,False
20260326,2026-03-26,2026,Q1,3,Mar,26,3,Thu,False,False
20260327,2026-03-27,2026,Q1,3,Mar,27,4,Fri,True,False
20260328,2026-03-28,2026,Q1,3,Mar,28,5,Sat,True,False
20260329,2026-03-29,2026,Q1,3,Mar,29,6,Sun,True,False
20260330,2026-03-30,2026,Q1,3,Mar,30,0,Mon,False,False
20260331,2026-03-31,2026,Q1,3,Mar,31,1,Tue,False,False
20260401,2026-04-01,2026,Q2,4,Apr,1,2,Wed,False,False
20260402,2026-04-02,2026,Q2,4,Apr,2,3,Thu,False,False
20260403,2026-04-03,2026,Q2,4,Apr,3,4,Fri,True,False
20260404,2026-04-04,2026,Q2,4,Apr,4,5,Sat,True,False
20260405,2026-04-05,2026,Q2,4,Apr,5,6,Sun,True,False
20260406,2026-04-06,2026,Q2,4,Apr,6,0,Mon,False,False
20260407,2026-04-07,2026,Q2,4,Apr,7,1,Tue,False,False
20260408,2026-04-08,2026,Q2,4,Apr,8,2,Wed,False,False
20260409,2026-04-09,2026,Q2,4,Apr,9,3,Thu,False,False
20260410,2026-04-10,2026,Q2,4,Apr,10,4,Fri,True,False
20260411,2026-04-11,2026,Q2,4,Apr,11,5,Sat,True,False
20260412,2026-04-12,2026,Q2,4,Apr,12,6,Sun,True,False
20260413,2026-04-13,2026,Q2,4,Apr,13,0,Mon,False,False
20260414,2026-04-14,2026,Q2,4,Apr,14,1,Tue,False,False
20260415,2026-04-15,2026,Q2,4,Apr,15,2,Wed,False,False
20260416,2026-04-16,2026,Q2,4,Apr,16,3,Thu,False,False
20260417,2026-04-17,2026,Q2,4,Apr,17,4,Fri,True,False
20260418,2026-04-18,2026,Q2,4,Apr,18,5,Sat,True,False
20260419,2026-04-19,2026,Q2,4,Apr,19,6,Sun,True,False
20260420,2026-04-20,2026,Q2,4,Apr,20,0,Mon,False,False
20260421,2026-04-21,2026,Q2,4,Apr,21,1,Tue,False,False
20260422,2026-04-22,2026,Q2,4,Apr,22,2,Wed,False,False
20260423,2026-04-23,2026,Q2,4,Apr,23,3,Thu,False,False
20260424,2026-04-24,2026,Q2,4,Apr,24,4,Fri,True,False
20260425,2026-04-25,2026,Q2,4,Apr,25,5,Sat,True,False
20260426,2026-04-26,2026,Q2,4,Apr,26,6,Sun,True,False
20260427,2026-04-27,2026,Q2,4,Apr,27,0,Mon,False,False
20260428,2026-04-28,2026,Q2,4,Apr,28,1,Tue,False,False
20260429,2026-04-29,2026,Q2,4,Apr,29,2,Wed,False,False
20260430,2026-04-30,2026,Q2,4,Apr,30,3,Thu,False,False
20260501,2026-05-01,2026,Q2,5,May,1,4,Fri,True,True
20260502,2026-05-02,2026,Q2,5,May,2,5,Sat,True,False
20260503,2026-05-03,2026,Q2,5,May,3,6,Sun,True,False
20260504,2026-05-04,2026,Q2,5,May,4,0,Mon,False,False
20260505,2026-05-05,2026,Q2,5,May,5,1,Tue,False,False
20260506,2026-05-06,2026,Q2,5,May,6,2,Wed,False,False
20260507,2026-05-07,2026,Q2,5,May,7,3,Thu,False,False
20260508,2026-05-08,2026,Q2,5,May,8,4,Fri,True,False
20260509,2026-05-09,2026,Q2,5,May,9,5,Sat,True,False
20260510,2026-05-10,2026,Q2,5,May,10,6,Sun,True,False
20260511,2026-05-11,2026,Q2,5,May,11,0,Mon,False,False
20260512,2026-05-12,2026,Q2,5,May,12,1,Tue,False,False
20260513,2026-05-13,2026,Q2,5,May,13,2,Wed,False,False
20260514,2026-05-14,2026,Q2,5,May,14,3,Thu,False,False
20260515,2026-05-15,2026,Q2,5,May,15,4,Fri,True,False
20260516,2026-05-16,2026,Q2,5,May,16,5,Sat,True,False
20260517,2026-05-17,2026,Q2,5,May,17,6,Sun,True,False
20260518,2026-05-18,2026,Q2,5,May,18,0,Mon,False,False
20260519,2026-05-19,2026,Q2,5,May,19,1,Tue,False,False
20260520,2026-05-20,2026,Q2,5,May,20,2,Wed,False,False
20260521,2026-05-21,2026,Q2,5,May,21,3,Thu,False,False
20260522,2026-05-22,2026,Q2,5,May,22,4,Fri,True,False
20260523,2026-05-23,2026,Q2,5,May,23,5,Sat,True,False
20260524,2026-05-24,2026,Q2,5,May,24,6,Sun,True,False
20260525,2026-05-25,2026,Q2,5,May,25,0,Mon,False,False
20260526,2026-05-26,2026,Q2,5,May,26,1,Tue,False,False
20260527,2026-05-27,2026,Q2,5,May,27,2,Wed,False,False
20260528,2026-05-28,2026,Q2,5,May,28,3,Thu,False,False
20260529,2026-05-29,2026,Q2,5,May,29,4,Fri,True,False
20260530,2026-05-30,2026,Q2,5,May,30,5,Sat,True,False
20260531,2026-05-31,2026,Q2,5,May,31,6,Sun,True,False
20260601,2026-06-01,2026,Q2,6,Jun,1,0,Mon,False,False
20260602,2026-06-02,2026,Q2,6,Jun,2,1,Tue,False,False
20260603,2026-06-03,2026,Q2,6,Jun,3,2,Wed,False,False
20260604,2026-06-04,2026,Q2,6,Jun,4,3,Thu,False,False
20260605,2026-06-05,2026,Q2,6,Jun,5,4,Fri,True,False
20260606,2026-06-06,2026,Q2,6,Jun,6,5,Sat,True,False
20260607,2026-06-07,2026,Q2,6,Jun,7,6,Sun,True,False
20260608,2026-06-08,2026,Q2,6,Jun,8,0,Mon,False,False
20260609,2026-06-09,2026,Q2,6,Jun,9,1,Tue,False,False
20260610,2026-06-10,2026,Q2,6,Jun,10,2,Wed,False,False
20260611,2026-06-11,2026,Q2,6,Jun,11,3,Thu,False,False
20260612,2026-06-12,2026,Q2,6,Jun,12,4,Fri,True,False
20260613,2026-06-13,2026,Q2,6,Jun,13,5,Sat,True,False
20260614,2026-06-14,2026,Q2,6,Jun,14,6,Sun,True,False
20260615,2026-06-15,2026,Q2,6,Jun,15,0,Mon,False,False
20260616,2026-06-16,2026,Q2,6,Jun,16,1,Tue,False,False
20260617,2026-06-17,2026,Q2,6,Jun,17,2,Wed,False,False
20260618,2026-06-18,2026,Q2,6,Jun,18,3,Thu,False,False
20260619,2026-06-19,2026,Q2,6,Jun,19,4,Fri,True,False
20260620,2026-06-20,2026,Q2,6,Jun,20,5,Sat,True,False
20260621,2026-06-21,2026,Q2,6,Jun,21,6,Sun,True,False
20260622,2026-06-22,2026,Q2,6,Jun,22,0,Mon,False,False
20260623,2026-06-23,2026,Q2,6,Jun,23,1,Tue,False,False
20260624,2026-06-24,2026,Q2,6,Jun,24,2,Wed,False,False
20260625,2026-06-25,2026,Q2,6,Jun,25,3,Thu,False,False
20260626,2026-06-26,2026,Q2,6,Jun,26,4,Fri,True,False
20260627,2026-06-27,2026,Q2,6,Jun,27,5,Sat,True,False
20260628,2026-06-28,2026,Q2,6,Jun,28,6,Sun,True,False
20260629,2026-06-29,2026,Q2,6,Jun,29,0,Mon,False,False
20260630,2026-06-30,2026,Q2,6,Jun,30,1,Tue,False,False
